TEAM,N,WIN,LOSE,WP
ATL,3,1,2,0.3333333333333333
BKN,0,0,0,0.0
BOS,4,3,1,0.75
CHA,3,2,1,0.6666666666666666
CHI,3,2,1,0.6666666666666666
CLE,4,1,3,0.25
DAL,2,1,1,0.5
DEN,2,2,0,1.0
DET,4,0,4,0.0
GSW,2,2,0,1.0
HOU,2,1,1,0.5
IND,3,0,3,0.0
LAC,2,1,1,0.5
LAL,2,1,1,0.5
MEM,2,2,0,1.0
MIA,4,3,1,0.75
MIL,5,4,1,0.8
MIN,2,1,1,0.5
NOP,2,0,2,0.0
NYK,4,0,4,0.0
OKC,2,1,1,0.5
ORL,4,1,3,0.25
PHI,4,1,3,0.25
PHX,2,2,0,1.0
POR,2,1,1,0.5
SAC,2,1,1,0.5
SAS,2,0,2,0.0
TOR,4,2,2,0.5
UTA,2,1,1,0.5
WAS,4,2,2,0.5
