TEAM,N,WIN,LOSE,WP
ATL,4,2,2,0.5
BKN,4,1,3,0.25
BOS,0,0,0,0.0
CHA,4,1,3,0.25
CHI,3,1,2,0.3333333333333333
CLE,3,1,2,0.3333333333333333
DAL,2,2,0,1.0
DEN,2,0,2,0.0
DET,4,1,3,0.25
GSW,2,1,1,0.5
HOU,2,0,2,0.0
IND,4,1,3,0.25
LAC,2,2,0,1.0
LAL,2,1,1,0.5
MEM,2,0,2,0.0
MIA,3,1,2,0.3333333333333333
MIL,4,2,2,0.5
MIN,2,1,1,0.5
NOP,2,0,2,0.0
NYK,4,2,2,0.5
OKC,2,0,2,0.0
ORL,3,0,3,0.0
PHI,4,2,2,0.5
PHX,2,1,1,0.5
POR,2,1,1,0.5
SAC,2,0,2,0.0
SAS,2,2,0,1.0
TOR,4,2,2,0.5
UTA,2,1,1,0.5
WAS,4,2,2,0.5
