TEAM,N,WIN,LOSE,WP
ATL,12,6,6,0.5
BKN,12,3,9,0.25
BOS,0,0,0,0.0
CHA,12,3,9,0.25
CHI,9,3,6,0.3333333333333333
CLE,9,3,6,0.3333333333333333
DAL,6,6,0,1.0
DEN,6,0,6,0.0
DET,12,3,9,0.25
GSW,6,3,3,0.5
HOU,6,0,6,0.0
IND,12,3,9,0.25
LAC,6,6,0,1.0
LAL,6,3,3,0.5
MEM,6,0,6,0.0
MIA,9,3,6,0.3333333333333333
MIL,12,6,6,0.5
MIN,6,3,3,0.5
NOP,6,0,6,0.0
NYK,12,6,6,0.5
OKC,6,0,6,0.0
ORL,9,0,9,0.0
PHI,12,6,6,0.5
PHX,6,3,3,0.5
POR,6,3,3,0.5
SAC,6,0,6,0.0
SAS,6,6,0,1.0
TOR,12,6,6,0.5
UTA,6,3,3,0.5
WAS,12,6,6,0.5
