TEAM,N,WIN,LOSE,WP
ATL,4,3,1,0.75
BKN,4,3,1,0.75
BOS,3,2,1,0.6666666666666666
CHA,4,2,2,0.5
CHI,4,3,1,0.75
CLE,0,0,0,0.0
DAL,2,1,1,0.5
DEN,2,0,2,0.0
DET,4,2,2,0.5
GSW,2,2,0,1.0
HOU,2,1,1,0.5
IND,4,0,4,0.0
LAC,2,0,2,0.0
LAL,2,2,0,1.0
MEM,2,2,0,1.0
MIA,3,1,2,0.3333333333333333
MIL,4,1,3,0.25
MIN,2,1,1,0.5
NOP,2,1,1,0.5
NYK,3,0,3,0.0
OKC,2,0,2,0.0
ORL,3,1,2,0.3333333333333333
PHI,4,4,0,1.0
PHX,2,2,0,1.0
POR,2,0,2,0.0
SAC,2,0,2,0.0
SAS,2,0,2,0.0
TOR,4,1,3,0.25
UTA,2,1,1,0.5
WAS,4,2,2,0.5
