TEAM,N,WIN,LOSE,WP
ATL,6,3,3,0.5
BKN,6,3,3,0.5
BOS,6,0,6,0.0
CHA,6,3,3,0.5
CHI,6,3,3,0.5
CLE,6,3,3,0.5
DAL,0,0,0,0.0
DEN,9,3,6,0.3333333333333333
DET,6,0,6,0.0
GSW,12,3,9,0.25
HOU,12,0,12,0.0
IND,6,3,3,0.5
LAC,12,6,6,0.5
LAL,9,3,6,0.3333333333333333
MEM,12,3,9,0.25
MIA,6,3,3,0.5
MIL,6,3,3,0.5
MIN,12,6,6,0.5
NOP,12,3,9,0.25
NYK,6,6,0,1.0
OKC,12,3,9,0.25
ORL,6,3,3,0.5
PHI,6,3,3,0.5
PHX,9,9,0,1.0
POR,9,0,9,0.0
SAC,12,3,9,0.25
SAS,12,0,12,0.0
TOR,6,0,6,0.0
UTA,12,6,6,0.5
WAS,6,6,0,1.0
