TEAM,N,WIN,LOSE,WP
ATL,2,1,1,0.5
BKN,2,1,1,0.5
BOS,2,0,2,0.0
CHA,2,1,1,0.5
CHI,2,1,1,0.5
CLE,2,1,1,0.5
DAL,0,0,0,0.0
DEN,3,1,2,0.3333333333333333
DET,2,0,2,0.0
GSW,4,1,3,0.25
HOU,4,0,4,0.0
IND,2,1,1,0.5
LAC,4,2,2,0.5
LAL,3,1,2,0.3333333333333333
MEM,4,1,3,0.25
MIA,2,1,1,0.5
MIL,2,1,1,0.5
MIN,4,2,2,0.5
NOP,4,1,3,0.25
NYK,2,2,0,1.0
OKC,4,1,3,0.25
ORL,2,1,1,0.5
PHI,2,1,1,0.5
PHX,3,3,0,1.0
POR,3,0,3,0.0
SAC,4,1,3,0.25
SAS,4,0,4,0.0
TOR,2,0,2,0.0
UTA,4,2,2,0.5
WAS,2,2,0,1.0
