TEAM,N,WIN,LOSE,WP
ATL,2,0,2,0.0
BKN,2,0,2,0.0
BOS,2,2,0,1.0
CHA,2,1,1,0.5
CHI,2,2,0,1.0
CLE,2,2,0,1.0
DAL,3,2,1,0.6666666666666666
DEN,0,0,0,0.0
DET,2,0,2,0.0
GSW,4,1,3,0.25
HOU,3,0,3,0.0
IND,2,0,2,0.0
LAC,4,1,3,0.25
LAL,3,1,2,0.3333333333333333
MEM,4,3,1,0.75
MIA,2,0,2,0.0
MIL,2,1,1,0.5
MIN,4,3,1,0.75
NOP,4,1,3,0.25
NYK,2,0,2,0.0
OKC,4,2,2,0.5
ORL,2,1,1,0.5
PHI,2,1,1,0.5
PHX,3,2,1,0.6666666666666666
POR,4,1,3,0.25
SAC,4,0,4,0.0
SAS,4,2,2,0.5
TOR,2,1,1,0.5
UTA,4,4,0,1.0
WAS,2,0,2,0.0
