TEAM,N,WIN,LOSE,WP
ATL,3,1,2,0.3333333333333333
BKN,4,4,0,1.0
BOS,4,3,1,0.75
CHA,3,2,1,0.6666666666666666
CHI,4,4,0,1.0
CLE,4,2,2,0.5
DAL,2,2,0,1.0
DEN,2,2,0,1.0
DET,0,0,0,0.0
GSW,2,2,0,1.0
HOU,2,1,1,0.5
IND,4,1,3,0.25
LAC,2,2,0,1.0
LAL,2,2,0,1.0
MEM,2,2,0,1.0
MIA,4,3,1,0.75
MIL,4,3,1,0.75
MIN,2,2,0,1.0
NOP,2,2,0,1.0
NYK,3,3,0,1.0
OKC,2,1,1,0.5
ORL,4,1,3,0.25
PHI,4,3,1,0.75
PHX,2,2,0,1.0
POR,2,2,0,1.0
SAC,2,1,1,0.5
SAS,2,1,1,0.5
TOR,3,0,3,0.0
UTA,2,1,1,0.5
WAS,4,4,0,1.0
