TEAM,N,WIN,LOSE,WP
ATL,9,3,6,0.3333333333333333
BKN,12,12,0,1.0
BOS,12,9,3,0.75
CHA,9,6,3,0.6666666666666666
CHI,12,12,0,1.0
CLE,12,6,6,0.5
DAL,6,6,0,1.0
DEN,6,6,0,1.0
DET,0,0,0,0.0
GSW,6,6,0,1.0
HOU,6,3,3,0.5
IND,12,3,9,0.25
LAC,6,6,0,1.0
LAL,6,6,0,1.0
MEM,6,6,0,1.0
MIA,12,9,3,0.75
MIL,12,9,3,0.75
MIN,6,6,0,1.0
NOP,6,6,0,1.0
NYK,9,9,0,1.0
OKC,6,3,3,0.5
ORL,12,3,9,0.25
PHI,12,9,3,0.75
PHX,6,6,0,1.0
POR,6,6,0,1.0
SAC,6,3,3,0.5
SAS,6,3,3,0.5
TOR,9,0,9,0.0
UTA,6,3,3,0.5
WAS,12,12,0,1.0
