TEAM,N,WIN,LOSE,WP
ATL,4,4,0,1.0
BKN,3,3,0,1.0
BOS,4,3,1,0.75
CHA,4,4,0,1.0
CHI,4,3,1,0.75
CLE,4,4,0,1.0
DAL,2,1,1,0.5
DEN,2,2,0,1.0
DET,4,3,1,0.75
GSW,2,1,1,0.5
HOU,2,0,2,0.0
IND,0,0,0,0.0
LAC,2,1,1,0.5
LAL,2,1,1,0.5
MEM,2,2,0,1.0
MIA,3,2,1,0.6666666666666666
MIL,4,4,0,1.0
MIN,2,2,0,1.0
NOP,2,1,1,0.5
NYK,4,2,2,0.5
OKC,2,1,1,0.5
ORL,3,2,1,0.6666666666666666
PHI,3,2,1,0.6666666666666666
PHX,2,2,0,1.0
POR,2,1,1,0.5
SAC,2,1,1,0.5
SAS,2,0,2,0.0
TOR,4,3,1,0.75
UTA,2,0,2,0.0
WAS,4,2,2,0.5
