TEAM,N,WIN,LOSE,WP
ATL,2,1,1,0.5
BKN,2,1,1,0.5
BOS,2,0,2,0.0
CHA,2,0,2,0.0
CHI,2,2,0,1.0
CLE,2,2,0,1.0
DAL,4,2,2,0.5
DEN,4,3,1,0.75
DET,2,0,2,0.0
GSW,4,3,1,0.75
HOU,3,0,3,0.0
IND,2,1,1,0.5
LAC,0,0,0,0.0
LAL,4,0,4,0.0
MEM,4,4,0,1.0
MIA,2,1,1,0.5
MIL,2,1,1,0.5
MIN,4,1,3,0.25
NOP,4,3,1,0.75
NYK,2,2,0,1.0
OKC,3,1,2,0.3333333333333333
ORL,2,0,2,0.0
PHI,2,1,1,0.5
PHX,4,2,2,0.5
POR,4,1,3,0.25
SAC,4,2,2,0.5
SAS,3,2,1,0.6666666666666666
TOR,2,2,0,1.0
UTA,3,2,1,0.6666666666666666
WAS,2,0,2,0.0
