TEAM,N,WIN,LOSE,WP
ATL,2,1,1,0.5
BKN,2,1,1,0.5
BOS,2,1,1,0.5
CHA,2,1,1,0.5
CHI,2,2,0,1.0
CLE,2,0,2,0.0
DAL,3,2,1,0.6666666666666666
DEN,3,2,1,0.6666666666666666
DET,2,0,2,0.0
GSW,4,3,1,0.75
HOU,4,1,3,0.25
IND,2,1,1,0.5
LAC,4,4,0,1.0
LAL,0,0,0,0.0
MEM,4,3,1,0.75
MIA,2,1,1,0.5
MIL,2,2,0,1.0
MIN,4,3,1,0.75
NOP,3,3,0,1.0
NYK,2,1,1,0.5
OKC,4,2,2,0.5
ORL,2,0,2,0.0
PHI,2,2,0,1.0
PHX,4,4,0,1.0
POR,4,2,2,0.5
SAC,4,2,2,0.5
SAS,4,2,2,0.5
TOR,2,1,1,0.5
UTA,3,1,2,0.3333333333333333
WAS,2,1,1,0.5
