TEAM,N,WIN,LOSE,WP
ATL,2,2,0,1.0
BKN,2,0,2,0.0
BOS,2,2,0,1.0
CHA,2,1,1,0.5
CHI,2,0,2,0.0
CLE,2,0,2,0.0
DAL,4,3,1,0.75
DEN,4,1,3,0.25
DET,2,0,2,0.0
GSW,4,1,3,0.25
HOU,4,1,3,0.25
IND,2,0,2,0.0
LAC,4,0,4,0.0
LAL,4,1,3,0.25
MEM,0,0,0,0.0
MIA,2,1,1,0.5
MIL,2,1,1,0.5
MIN,4,2,2,0.5
NOP,4,1,3,0.25
NYK,2,0,2,0.0
OKC,3,1,2,0.3333333333333333
ORL,2,0,2,0.0
PHI,2,1,1,0.5
PHX,3,1,2,0.3333333333333333
POR,4,3,1,0.75
SAC,3,0,3,0.0
SAS,4,0,4,0.0
TOR,2,1,1,0.5
UTA,3,1,2,0.3333333333333333
WAS,2,1,1,0.5
