TEAM,N,WIN,LOSE,WP
ATL,3,2,1,0.6666666666666666
BKN,5,1,4,0.2
BOS,4,2,2,0.5
CHA,4,2,2,0.5
CHI,4,0,4,0.0
CLE,4,3,1,0.75
DAL,2,1,1,0.5
DEN,2,1,1,0.5
DET,4,1,3,0.25
GSW,2,1,1,0.5
HOU,2,0,2,0.0
IND,4,0,4,0.0
LAC,2,1,1,0.5
LAL,2,0,2,0.0
MEM,2,1,1,0.5
MIA,4,2,2,0.5
MIL,0,0,0,0.0
MIN,2,2,0,1.0
NOP,2,1,1,0.5
NYK,4,1,3,0.25
OKC,2,0,2,0.0
ORL,4,0,4,0.0
PHI,3,1,2,0.3333333333333333
PHX,2,1,1,0.5
POR,2,1,1,0.5
SAC,2,0,2,0.0
SAS,2,1,1,0.5
TOR,3,3,0,1.0
UTA,2,1,1,0.5
WAS,3,1,2,0.3333333333333333
