TEAM,N,WIN,LOSE,WP
ATL,2,1,1,0.5
BKN,2,2,0,1.0
BOS,2,2,0,1.0
CHA,2,2,0,1.0
CHI,2,1,1,0.5
CLE,2,1,1,0.5
DAL,4,3,1,0.75
DEN,4,3,1,0.75
DET,2,0,2,0.0
GSW,3,2,1,0.6666666666666666
HOU,4,1,3,0.25
IND,2,1,1,0.5
LAC,4,1,3,0.25
LAL,3,0,3,0.0
MEM,4,3,1,0.75
MIA,2,2,0,1.0
MIL,2,1,1,0.5
MIN,4,2,2,0.5
NOP,0,0,0,0.0
NYK,2,1,1,0.5
OKC,3,2,1,0.6666666666666666
ORL,2,1,1,0.5
PHI,2,2,0,1.0
PHX,4,3,1,0.75
POR,3,0,3,0.0
SAC,4,2,2,0.5
SAS,4,3,1,0.75
TOR,2,1,1,0.5
UTA,4,2,2,0.5
WAS,2,1,1,0.5
