TEAM,N,WIN,LOSE,WP
ATL,6,3,3,0.5
BKN,6,6,0,1.0
BOS,6,6,0,1.0
CHA,6,6,0,1.0
CHI,6,3,3,0.5
CLE,6,3,3,0.5
DAL,12,9,3,0.75
DEN,12,9,3,0.75
DET,6,0,6,0.0
GSW,9,6,3,0.6666666666666666
HOU,12,3,9,0.25
IND,6,3,3,0.5
LAC,12,3,9,0.25
LAL,9,0,9,0.0
MEM,12,9,3,0.75
MIA,6,6,0,1.0
MIL,6,3,3,0.5
MIN,12,6,6,0.5
NOP,0,0,0,0.0
NYK,6,3,3,0.5
OKC,9,6,3,0.6666666666666666
ORL,6,3,3,0.5
PHI,6,6,0,1.0
PHX,12,9,3,0.75
POR,9,0,9,0.0
SAC,12,6,6,0.5
SAS,12,9,3,0.75
TOR,6,3,3,0.5
UTA,12,6,6,0.5
WAS,6,3,3,0.5
