TEAM,N,WIN,LOSE,WP
ATL,4,1,3,0.25
BKN,4,4,0,1.0
BOS,4,2,2,0.5
CHA,4,3,1,0.75
CHI,4,2,2,0.5
CLE,3,3,0,1.0
DAL,2,0,2,0.0
DEN,2,2,0,1.0
DET,3,0,3,0.0
GSW,2,1,1,0.5
HOU,2,0,2,0.0
IND,4,2,2,0.5
LAC,2,0,2,0.0
LAL,2,1,1,0.5
MEM,2,2,0,1.0
MIA,3,2,1,0.6666666666666666
MIL,4,3,1,0.75
MIN,2,1,1,0.5
NOP,2,1,1,0.5
NYK,0,0,0,0.0
OKC,2,2,0,1.0
ORL,4,2,2,0.5
PHI,4,2,2,0.5
PHX,2,2,0,1.0
POR,2,1,1,0.5
SAC,2,0,2,0.0
SAS,2,0,2,0.0
TOR,4,3,1,0.75
UTA,2,2,0,1.0
WAS,3,1,2,0.3333333333333333
