TEAM,N,WIN,LOSE,WP
ATL,12,3,9,0.25
BKN,12,12,0,1.0
BOS,12,6,6,0.5
CHA,12,9,3,0.75
CHI,12,6,6,0.5
CLE,9,9,0,1.0
DAL,6,0,6,0.0
DEN,6,6,0,1.0
DET,9,0,9,0.0
GSW,6,3,3,0.5
HOU,6,0,6,0.0
IND,12,6,6,0.5
LAC,6,0,6,0.0
LAL,6,3,3,0.5
MEM,6,6,0,1.0
MIA,9,6,3,0.6666666666666666
MIL,12,9,3,0.75
MIN,6,3,3,0.5
NOP,6,3,3,0.5
NYK,0,0,0,0.0
OKC,6,6,0,1.0
ORL,12,6,6,0.5
PHI,12,6,6,0.5
PHX,6,6,0,1.0
POR,6,3,3,0.5
SAC,6,0,6,0.0
SAS,6,0,6,0.0
TOR,12,9,3,0.75
UTA,6,6,0,1.0
WAS,9,3,6,0.3333333333333333
