TEAM,N,WIN,LOSE,WP
ATL,2,2,0,1.0
BKN,2,1,1,0.5
BOS,2,2,0,1.0
CHA,2,2,0,1.0
CHI,2,2,0,1.0
CLE,2,2,0,1.0
DAL,4,3,1,0.75
DEN,4,2,2,0.5
DET,2,1,1,0.5
GSW,3,3,0,1.0
HOU,4,3,1,0.75
IND,2,1,1,0.5
LAC,3,2,1,0.6666666666666666
LAL,4,2,2,0.5
MEM,3,2,1,0.6666666666666666
MIA,2,2,0,1.0
MIL,2,2,0,1.0
MIN,4,4,0,1.0
NOP,3,1,2,0.3333333333333333
NYK,2,0,2,0.0
OKC,0,0,0,0.0
ORL,2,1,1,0.5
PHI,2,2,0,1.0
PHX,4,3,1,0.75
POR,4,0,4,0.0
SAC,4,3,1,0.75
SAS,4,3,1,0.75
TOR,2,1,1,0.5
UTA,4,4,0,1.0
WAS,2,2,0,1.0
