TEAM,N,WIN,LOSE,WP
ATL,4,3,1,0.75
BKN,4,3,1,0.75
BOS,3,3,0,1.0
CHA,4,3,1,0.75
CHI,4,3,1,0.75
CLE,3,2,1,0.6666666666666666
DAL,2,1,1,0.5
DEN,2,1,1,0.5
DET,4,3,1,0.75
GSW,2,1,1,0.5
HOU,2,1,1,0.5
IND,3,1,2,0.3333333333333333
LAC,2,2,0,1.0
LAL,2,2,0,1.0
MEM,2,2,0,1.0
MIA,4,3,1,0.75
MIL,4,4,0,1.0
MIN,2,0,2,0.0
NOP,2,1,1,0.5
NYK,4,2,2,0.5
OKC,2,1,1,0.5
ORL,0,0,0,0.0
PHI,4,4,0,1.0
PHX,2,2,0,1.0
POR,2,1,1,0.5
SAC,2,2,0,1.0
SAS,2,2,0,1.0
TOR,3,2,1,0.6666666666666666
UTA,2,1,1,0.5
WAS,4,4,0,1.0
