TEAM,N,WIN,LOSE,WP
ATL,2,1,1,0.5
BKN,2,0,2,0.0
BOS,2,1,1,0.5
CHA,2,0,2,0.0
CHI,2,0,2,0.0
CLE,2,0,2,0.0
DAL,3,0,3,0.0
DEN,3,1,2,0.3333333333333333
DET,2,0,2,0.0
GSW,4,2,2,0.5
HOU,4,0,4,0.0
IND,2,0,2,0.0
LAC,4,2,2,0.5
LAL,4,0,4,0.0
MEM,3,2,1,0.6666666666666666
MIA,2,1,1,0.5
MIL,2,1,1,0.5
MIN,3,0,3,0.0
NOP,4,1,3,0.25
NYK,2,0,2,0.0
OKC,4,1,3,0.25
ORL,2,0,2,0.0
PHI,2,0,2,0.0
PHX,0,0,0,0.0
POR,4,1,3,0.25
SAC,4,2,2,0.5
SAS,4,0,4,0.0
TOR,2,1,1,0.5
UTA,4,1,3,0.25
WAS,2,0,2,0.0
