TEAM,N,WIN,LOSE,WP
ATL,6,3,3,0.5
BKN,6,0,6,0.0
BOS,6,3,3,0.5
CHA,6,0,6,0.0
CHI,6,0,6,0.0
CLE,6,0,6,0.0
DAL,9,0,9,0.0
DEN,9,3,6,0.3333333333333333
DET,6,0,6,0.0
GSW,12,6,6,0.5
HOU,12,0,12,0.0
IND,6,0,6,0.0
LAC,12,6,6,0.5
LAL,12,0,12,0.0
MEM,9,6,3,0.6666666666666666
MIA,6,3,3,0.5
MIL,6,3,3,0.5
MIN,9,0,9,0.0
NOP,12,3,9,0.25
NYK,6,0,6,0.0
OKC,12,3,9,0.25
ORL,6,0,6,0.0
PHI,6,0,6,0.0
PHX,0,0,0,0.0
POR,12,3,9,0.25
SAC,12,6,6,0.5
SAS,12,0,12,0.0
TOR,6,3,3,0.5
UTA,12,3,9,0.25
WAS,6,0,6,0.0
