TEAM,N,WIN,LOSE,WP
ATL,2,2,0,1.0
BKN,2,1,1,0.5
BOS,2,2,0,1.0
CHA,2,1,1,0.5
CHI,2,1,1,0.5
CLE,2,2,0,1.0
DAL,4,3,1,0.75
DEN,4,4,0,1.0
DET,2,1,1,0.5
GSW,4,4,0,1.0
HOU,4,1,3,0.25
IND,2,1,1,0.5
LAC,4,2,2,0.5
LAL,4,2,2,0.5
MEM,3,3,0,1.0
MIA,2,1,1,0.5
MIL,2,2,0,1.0
MIN,3,2,1,0.6666666666666666
NOP,4,2,2,0.5
NYK,2,2,0,1.0
OKC,4,1,3,0.25
ORL,2,0,2,0.0
PHI,2,2,0,1.0
PHX,4,2,2,0.5
POR,3,1,2,0.3333333333333333
SAC,0,0,0,0.0
SAS,3,1,2,0.3333333333333333
TOR,2,2,0,1.0
UTA,4,4,0,1.0
WAS,2,0,2,0.0
