TEAM,N,WIN,LOSE,WP
ATL,2,1,1,0.5
BKN,2,2,0,1.0
BOS,2,0,2,0.0
CHA,2,2,0,1.0
CHI,2,1,1,0.5
CLE,2,2,0,1.0
DAL,4,4,0,1.0
DEN,4,2,2,0.5
DET,2,1,1,0.5
GSW,4,2,2,0.5
HOU,4,1,3,0.25
IND,2,2,0,1.0
LAC,3,1,2,0.3333333333333333
LAL,4,2,2,0.5
MEM,4,4,0,1.0
MIA,2,2,0,1.0
MIL,2,1,1,0.5
MIN,3,3,0,1.0
NOP,4,1,3,0.25
NYK,2,2,0,1.0
OKC,4,1,3,0.25
ORL,2,0,2,0.0
PHI,2,2,0,1.0
PHX,4,4,0,1.0
POR,4,0,4,0.0
SAC,3,2,1,0.6666666666666666
SAS,0,0,0,0.0
TOR,2,2,0,1.0
UTA,3,1,2,0.3333333333333333
WAS,2,0,2,0.0
