TEAM,N,WIN,LOSE,WP
ATL,12,3,9,0.25
BKN,12,6,6,0.5
BOS,12,6,6,0.5
CHA,9,3,6,0.3333333333333333
CHI,12,9,3,0.75
CLE,12,9,3,0.75
DAL,6,6,0,1.0
DEN,6,3,3,0.5
DET,9,9,0,1.0
GSW,6,3,3,0.5
HOU,6,0,6,0.0
IND,12,3,9,0.25
LAC,6,0,6,0.0
LAL,6,3,3,0.5
MEM,6,3,3,0.5
MIA,12,6,6,0.5
MIL,9,0,9,0.0
MIN,6,0,6,0.0
NOP,6,3,3,0.5
NYK,12,3,9,0.25
OKC,6,3,3,0.5
ORL,9,3,6,0.3333333333333333
PHI,12,3,9,0.25
PHX,6,3,3,0.5
POR,6,6,0,1.0
SAC,6,0,6,0.0
SAS,6,0,6,0.0
TOR,0,0,0,0.0
UTA,6,3,3,0.5
WAS,12,3,9,0.25
