TEAM,N,WIN,LOSE,WP
ATL,4,1,3,0.25
BKN,4,2,2,0.5
BOS,4,2,2,0.5
CHA,3,1,2,0.3333333333333333
CHI,4,3,1,0.75
CLE,4,3,1,0.75
DAL,2,2,0,1.0
DEN,2,1,1,0.5
DET,3,3,0,1.0
GSW,2,1,1,0.5
HOU,2,0,2,0.0
IND,4,1,3,0.25
LAC,2,0,2,0.0
LAL,2,1,1,0.5
MEM,2,1,1,0.5
MIA,4,2,2,0.5
MIL,3,0,3,0.0
MIN,2,0,2,0.0
NOP,2,1,1,0.5
NYK,4,1,3,0.25
OKC,2,1,1,0.5
ORL,3,1,2,0.3333333333333333
PHI,4,1,3,0.25
PHX,2,1,1,0.5
POR,2,2,0,1.0
SAC,2,0,2,0.0
SAS,2,0,2,0.0
TOR,0,0,0,0.0
UTA,2,1,1,0.5
WAS,4,1,3,0.25
