TEAM,N,WIN,LOSE,WP
ATL,4,3,1,0.75
BKN,4,2,2,0.5
BOS,4,2,2,0.5
CHA,4,3,1,0.75
CHI,3,3,0,1.0
CLE,4,2,2,0.5
DAL,2,0,2,0.0
DEN,2,2,0,1.0
DET,4,0,4,0.0
GSW,2,1,1,0.5
HOU,2,2,0,1.0
IND,4,2,2,0.5
LAC,2,2,0,1.0
LAL,2,1,1,0.5
MEM,2,1,1,0.5
MIA,4,3,1,0.75
MIL,3,2,1,0.6666666666666666
MIN,2,0,2,0.0
NOP,2,1,1,0.5
NYK,3,2,1,0.6666666666666666
OKC,2,0,2,0.0
ORL,4,0,4,0.0
PHI,3,1,2,0.3333333333333333
PHX,2,2,0,1.0
POR,2,2,0,1.0
SAC,2,2,0,1.0
SAS,2,2,0,1.0
TOR,4,3,1,0.75
UTA,2,1,1,0.5
WAS,0,0,0,0.0
